"","pathway","pval","padj","log2err","ES","NES","size","leadingEdge_1","NES_cat"
"1","HALLMARK_HEME_METABOLISM",0.0240158922217491,0.0444738744847206,0.352487857583619,-0.391146965839255,-1.38368641169458,198,"1510,760,6513,7037,10158,3005,10098,7504,55030,26020,682,10553,440,7779,10133,54855,129642,23657,8780,3043,55034,56674,8991,23052,25897,6386,6535,51218,8850,51094,6917,10840,115201,8364,54165,847,23351,7351,3145,7150","Down"
"2","HALLMARK_ANDROGEN_RESPONSE",0.0320411769644216,0.0525627034960116,0.321775918075361,-0.435707376837206,-1.409946489487,99,"3248,3880,3856,23171,7113,8821,25803,27347,11057,3005,6319,3157,3156,7163,3422,1718,10788,9053,6197,5036,55839,5238,60559,2181,3638,6611,8554,51465,6303,567","Down"
"3","HALLMARK_REACTIVE_OXYGEN_SPECIES_PATHWAY",0.0415430815277844,0.0649110648871632,0.321775918075361,-0.519665663547823,-1.49231851355896,47,"1728,5214,7295,55829,9124,6647,4257,3726,1032,5052,10542,3163,847,140809,7296,4710,4155,2936,22904,9943,475","Down"
"4","HALLMARK_XENOBIOTIC_METABOLISM",0.00107337240455761,0.00298159001266003,0.45505986738723,-0.443702407785436,-1.5670734774549,200,"29785,1562,2203,3294,760,1728,1573,1969,29950,8644,54884,217,8714,3417,22949,5699,5950,2618,2643,2937,1644,873,8942,115817,51635,10653,8876,629,51,3251,1528,5805,7009,2114,57406,5447,839,2110,218,26061,9060,28959,4128,211,53,435,191,9446,847,51128,10857,3484,5831,3728,3394,978,1725,6510,9564,4836,10717,23169,1891,8529,957,2936","Down"
"5","HALLMARK_PEROXISOME",0.00595693953735364,0.013538498948531,0.407017918923954,-0.483898799627454,-1.57688675267827,104,"51703,51170,11001,7153,706,54884,3417,216,8800,3422,1718,5828,9249,8856,30,25824,9961,26986,51,3291,6647,5825,373156,5052,51109,9525,7367,1503,10005,8915,7276,847,51024,5194,3155,60386,1891,3416,7533","Down"
"6","HALLMARK_BILE_ACID_METABOLISM",0.00335795301893767,0.00799512623556587,0.431707695803346,-0.481969032556254,-1.57859836740372,112,"51703,51170,11001,5002,54884,3417,216,4306,8800,3422,1718,27284,8856,25824,55825,10133,6647,5825,5264,373156,5827,26061,8412,7276,847,23460,5194,5191,92960,8431,366,6342,6820,83752,8424,9409,10998","Down"
"7","HALLMARK_MYC_TARGETS_V1",0.00137520283431606,0.00361895482714753,0.45505986738723,-0.446879758971149,-1.58084174019603,198,"991,4085,890,8318,7298,6164,5685,3015,1537,9188,6240,6732,5230,3939,4171,26986,3251,9184,6128,3838,23016,5687,6637,2079,220988,1478,5036,26354,6427,9377,10987,6626,11335,51491,10935,7398,7411,23196,22916,4999,1854,1207,7416,1503,6634,6432,5901,55651,4173,6428,1176,5691,3376,5704,10236,10146,5706,4686,3615,5245,6188,5496,6629,3184,1973,9221,6627,6633,6059,6632,5707,2739","Down"
"8","HALLMARK_OXIDATIVE_PHOSPHORYLATION",0.0001295312204521,0.000431770734840332,0.518848077743792,-0.469739278737637,-1.66014367048416,199,"54884,840,4701,3417,2108,51382,2746,481,1537,30,4942,3939,533,4712,1892,1528,4704,1355,1743,5447,10449,5264,1351,788,522,7388,2110,80273,4713,10063,581,27089,9377,292,7381,1632,7386,10935,1666,7384,3052,7416,211,4694,64981,4714,6390,5018,10632,1345,4722,516,2109,10884,4696,4710,6389,65003,10651,1891,56945,4719,1347,8050,8802,23203,4695,506,3419,64963,3028,26519,51606,2230,529,10476,374291,4709,9551,34,6391,1329,539,3418,6832,37,513,4708,4717,51660,6834","Down"
"9","HALLMARK_TNFA_SIGNALING_VIA_NFKB",7.96243792573884e-05,0.000306247612528417,0.538434096309916,-0.481777760980007,-1.70154846584575,200,"3949,7262,9314,2152,467,2150,10221,2353,4084,10365,1847,6890,1839,3659,2526,5329,6373,22822,23764,10938,8870,330,11182,2354,2643,8553,8942,25976,3627,4929,79693,8767,8061,9334,9322,4791,1846,23529,602,2114,9021,3726,9034,969,1906,23586,5271,329,4088,1843,1960,4794,127544,55332,5055,4792,6385,6303,1316,3280,3725,9592,6364,8744,3976,79155,10769,50486,7127,10135,650,10950,7538,5606","Down"
"10","HALLMARK_GLYCOLYSIS",4.91992114724155e-05,0.00022363277942007,0.557332238758646,-0.483462554968717,-1.70864421366752,199,"726,7033,283,638,3669,7264,2582,5214,1999,5834,983,136,10331,30001,8702,3099,23443,229,6790,10020,2673,7295,3417,4907,8870,50814,3161,10380,5223,5318,4233,5230,6662,3939,7039,205,1824,1528,5033,10112,6647,2805,11015,1058,1468,6888,839,54541,64077,10327,2530,7167,5768,3925,55635,29925,9123,51728,9276,5315,9514,3597,140838,5704,26035,1491,2023,2026","Down"
"11","HALLMARK_UV_RESPONSE_UP",0.000119023637425892,0.000425084419378185,0.538434096309916,-0.502492487017634,-1.71885194703446,158,"760,885,7263,725,7037,467,4072,2353,4067,3337,6890,3659,5580,10280,3301,2237,2354,682,2643,1212,440,9188,8694,30,3134,1138,10963,2011,6697,836,637,5437,7009,3726,8836,27161,578,6817,6535,80273,3014,262,7277,5471,4128,211,997,4792,1875","Down"
"12","HALLMARK_FATTY_ACID_METABOLISM",6.52930270825486e-05,0.000272054279510619,0.538434096309916,-0.512566027190873,-1.75331002270255,158,"3248,51703,760,51170,11343,5092,54884,39,3157,5720,8801,3417,216,3422,50814,1718,3015,873,30,3939,8876,79602,51,1892,5805,3158,4683,1743,10449,2639,9246,2110,218,84263,51109,1632,1666,594,10961,4128,3052,3320,3033,35,10005,5910,6611,549,1376,2169,6389,84532,2820,3155,1891,2026,224,50486,9380,7533,4199,23173,8802,26275,6281","Down"
"13","HALLMARK_ESTROGEN_RESPONSE_EARLY",1.50059023505156e-05,7.50295117525778e-05,0.593325476396405,-0.49712267299587,-1.75760264369239,197,"7031,7033,79083,3880,11145,4582,1366,9314,6513,11001,3856,2317,221,2810,9022,10140,1999,11057,120,51195,2353,7357,1717,56994,6337,2222,771,9368,54020,8800,4477,2274,5655,3705,9249,8553,4602,25976,124583,84187,64699,55191,7739,23052,573,8645,58495,55540,6505,3717,9060,1960","Down"
"14","HALLMARK_G2M_CHECKPOINT",3.54593882332126e-06,2.21621176457579e-05,0.627256739718528,-0.519196226990334,-1.83370345221263,200,"11065,991,1164,1033,51155,983,9055,7153,4085,6713,6790,51203,890,9133,8318,55872,29127,1163,5885,3161,3832,3015,26255,994,10419,9232,6491,22974,332,4171,51659,11004,699,9585,602,9212,7272,9184,10051,3838,1058,6558,10212,993,10733,4001,6427,23649,10460,3014,4088,262,3925,1111,3799,580,7371,3312,9252,10772,22809,7150,26271,81539,3149,4751,10146,10664,24137,5976,3619,10293,10024,3184,1062,9221,2146,8438","Down"
"15","HALLMARK_CHOLESTEROL_HOMEOSTASIS",0.000147870651630697,0.000462095786345928,0.518848077743792,-0.607776008153416,-1.87917974320656,74,"3949,5468,114569,467,6713,10682,1717,39,6319,3157,55902,2222,3156,5329,3422,50814,230,57761,5641,5359,5833,308,7108,118429,4597,51330,7869,6309,22809,1891,23474,4598","Down"
"16","HALLMARK_MTORC1_SIGNALING",5.68118410715299e-07,4.05798864796642e-06,0.659444398037935,-0.531956536293273,-1.8800307248592,199,"3949,6513,5464,7037,79071,4860,120,30001,6713,3099,10682,1717,6790,6319,3157,3156,3417,81873,9368,7453,3422,1718,51382,5685,8553,440,26136,7283,5230,3939,4171,79602,10963,205,3251,699,5033,2805,23657,57761,5641,54541,10212,5693,993,5052,23753,6241,7167,7323,51109,5684,10987,7108,7277,1075,2286,4793,2181,6917,4173,3638,2932,516,7296,8935,6309,10197,6715,6510,3145,5211,5704,54843,1491,4836,4074,10437,2023,5706,2936,10135","Down"
"17","HALLMARK_ESTROGEN_RESPONSE_LATE",7.65097324687078e-08,6.37581103905898e-07,0.704975715167238,-0.556013041548584,-1.96690184893807,198,"7031,10551,10874,445,7033,3880,11145,760,9314,11001,6768,3669,991,7264,2582,7263,23650,2317,221,2810,9022,10140,11012,11057,120,7153,51195,2353,1717,2707,56994,6337,2222,999,771,9368,5655,3705,27075,4602,11187,6491,51659,64699,3251,10112,51599,10535,3158,10538,10733,29988,573,8645,58495,5265,55540,5603,57834,56521,3717,9060,1960","Down"
"18","HALLMARK_INTERFERON_GAMMA_RESPONSE",1.58083403878554e-10,1.58083403878554e-09,0.826657301178302,-0.600039308719559,-2.12064757090251,199,"3429,4061,3620,3669,5214,5721,4860,4939,4599,4940,684,55601,10964,4600,840,4615,5696,9636,94240,5720,8638,64108,6890,3659,7453,5698,6373,5699,3430,3959,196410,3106,23424,3123,2643,81030,3627,3437,64761,85441,8743,8767,9961,629,8673,836,55008,10379,51056,9021,5359,6737,57674,9246,969,115361,27348,6772,3001,23586,84888,5684,11274,54739,3717,57162,79132,3105,4792,3394,7412,256586,8869,567,219285,3574,10561,54625,9111,3600,4283,10437,3455,3431,7127,10135,55024,837,5610,91543,10124","Down"
"19","HALLMARK_E2F_TARGETS",1.29680777963869e-11,2.16134629939781e-10,0.875325132024659,-0.612646538476612,-2.16604318042124,197,"991,1164,7037,1033,51155,983,9787,7153,55143,4085,9833,6790,7083,9133,55723,29089,29127,1163,5885,3161,1633,3015,994,10606,9232,7283,10635,332,4171,11004,57122,9212,10051,10535,3838,4683,7884,10212,993,10733,7465,4001,5036,6427,79075,29980,79077,3070,6241,79019,23649,10460,3014,3925,7398,1111,580,4999,1854,55635,1503,147841,5901,4173,1434,9319,6749,10248,9918,204,6119,3148,29028,83461,3149,55646,11340,10664,24137,8914,83463,64785,3184,10527,1062,9221,2146,57405,6628","Down"
"20","HALLMARK_INTERFERON_ALPHA_RESPONSE",5.75677369342997e-13,1.43919342335749e-11,0.921426003494898,-0.752918403497458,-2.43660383368457,97,"3429,4061,3669,5721,4938,8519,4599,684,55601,10964,5696,9636,94240,5720,8638,64108,6890,54809,3659,7453,5698,6373,3430,3959,23424,3627,3437,83666,64761,85441,8767,55008,10379,51056,7318,55603,5359,6737,9034,9246,115361,5684,11274,4343,79132,135112,2634,567,219285,3574,10561,54625,9111,961,3600,27074,10437,3431,5610,91543,85363,55072,11054","Down"
