"","pathway","pval","padj","log2err","ES","NES","size","leadingEdge_1","NES_cat"
"1","HALLMARK_ADIPOGENESIS",0.0208297572927562,0.0416595145855124,0.352487857583619,-0.386433147508279,-1.36572471781619,199,"5468,7263,134147,79071,10140,11343,1717,54884,217,3417,9908,1537,8694,65124,51635,1580,58472,79602,51,1892,977,6647,29979,8780,483,1468,6888,5447,10449,5264,10162,1351,10313,6817,6623,2101,80273,4713,27089,10935,1666,7384,3033,35,847,6390,55177,4722,204,2109,1376,1147,128338,7351,27069,6576,6510,5211,2820,400916,4836,10113,1891,334,7086,4199,10124,8802,26275,6342,25979,10010,51805","Down"
"2","HALLMARK_ANDROGEN_RESPONSE",0.0320411769644216,0.0525627034960116,0.321775918075361,-0.435707376837206,-1.409946489487,99,"3248,3880,3856,23171,7113,8821,25803,27347,11057,3005,6319,3157,3156,7163,3422,1718,10788,9053,6197,5036,55839,5238,60559,2181,3638,6611,8554,51465,6303,567","Down"
"3","HALLMARK_ANGIOGENESIS",5.33752086481341e-06,2.96528936934078e-05,0.610526878385931,0.73503221589523,2.15258756371651,36,"4060,6696,10631,1290,1281,894,11167,1462,4023,6372,5104,3685,6781,6275,6578,8829,3764,182,7448","Up"
"4","HALLMARK_APICAL_JUNCTION",0.000646388869286285,0.00190114373319496,0.477270815362862,0.417374816903407,1.54356939991794,200,"72,2318,10398,1009,7045,51776,51466,83700,7122,9353,7070,1307,5010,140885,1462,2593,51148,7059,8515,4628,7216,8910,7248,6464,91624,4318,7106,2533,2200,80381,947,4627,9459,247,84552,6376,143903,1272,4478,57555,5871,5522,9379,7791,10174,6624,5089,794,942,6251,3680,4267,1265,1013,1297,4313,55742,649,5728,5921,5335,5310,11096","Up"
"5","HALLMARK_BILE_ACID_METABOLISM",0.00335795301893767,0.00799512623556587,0.431707695803346,-0.481969032556254,-1.57859836740372,112,"51703,51170,11001,5002,54884,3417,216,4306,8800,3422,1718,27284,8856,25824,55825,10133,6647,5825,5264,373156,5827,26061,8412,7276,847,23460,5194,5191,92960,8431,366,6342,6820,83752,8424,9409,10998","Down"
"6","HALLMARK_CHOLESTEROL_HOMEOSTASIS",0.000147870651630697,0.000462095786345928,0.518848077743792,-0.607776008153416,-1.87917974320656,74,"3949,5468,114569,467,6713,10682,1717,39,6319,3157,55902,2222,3156,5329,3422,50814,230,57761,5641,5359,5833,308,7108,118429,4597,51330,7869,6309,22809,1891,23474,4598","Down"
"7","HALLMARK_COAGULATION",0.0152101040334712,0.0316877167363983,0.380730400722792,0.390443570415368,1.38177341427603,138,"5054,6678,7078,1513,2,1311,5654,4485,11098,710,7057,715,1675,4320,718,716,4318,1519,10404,341,3249,1397,2200,3075,7018,1465,8237,4035,8309,3920,5328,344,4313,4319,6271,649,5627,2266,23479","Up"
"8","HALLMARK_E2F_TARGETS",1.29680777963869e-11,2.16134629939781e-10,0.875325132024659,-0.612646538476612,-2.16604318042124,197,"991,1164,7037,1033,51155,983,9787,7153,55143,4085,9833,6790,7083,9133,55723,29089,29127,1163,5885,3161,1633,3015,994,10606,9232,7283,10635,332,4171,11004,57122,9212,10051,10535,3838,4683,7884,10212,993,10733,7465,4001,5036,6427,79075,29980,79077,3070,6241,79019,23649,10460,3014,3925,7398,1111,580,4999,1854,55635,1503,147841,5901,4173,1434,9319,6749,10248,9918,204,6119,3148,29028,83461,3149,55646,11340,10664,24137,8914,83463,64785,3184,10527,1062,9221,2146,57405,6628","Down"
"9","HALLMARK_EPITHELIAL_MESENCHYMAL_TRANSITION",3.7751461325845e-35,1.88757306629225e-33,1.54318309134871,0.755910620457379,2.79556996626613,200,"4060,2619,2697,1289,5054,115908,2882,6678,6876,1278,1296,7078,10398,3371,6696,1277,1009,1293,26585,10631,1292,1311,1303,1290,3486,1281,5118,1809,800,7045,30008,1294,1842,1000,7431,5654,6695,3915,10979,6387,9353,7057,6422,1284,3956,7070,4256,1307,2199,6424,4638,7058,5159,3678,11167,7169,10486,1462,2817,5217,5396,10409,1634,4015,10516,2191,5270,1282,23705,871,3693,8076,1301,4148,2316,1490,6372,4016,6591,2006,50863,59,2331,25878,4616,3908,1601,22795,5479,7456,7424,2200,3685,57692,7474,633,4837,10272,4035,813,2014,333,6586,5351,6444,5376,64175,4853,11010,7857,131578,5744,5645,2247,4313","Up"
"10","HALLMARK_ESTROGEN_RESPONSE_EARLY",1.50059023505156e-05,7.50295117525778e-05,0.593325476396405,-0.49712267299587,-1.75760264369239,197,"7031,7033,79083,3880,11145,4582,1366,9314,6513,11001,3856,2317,221,2810,9022,10140,1999,11057,120,51195,2353,7357,1717,56994,6337,2222,771,9368,54020,8800,4477,2274,5655,3705,9249,8553,4602,25976,124583,84187,64699,55191,7739,23052,573,8645,58495,55540,6505,3717,9060,1960","Down"
"11","HALLMARK_ESTROGEN_RESPONSE_LATE",7.65097324687078e-08,6.37581103905898e-07,0.704975715167238,-0.556013041548584,-1.96690184893807,198,"7031,10551,10874,445,7033,3880,11145,760,9314,11001,6768,3669,991,7264,2582,7263,23650,2317,221,2810,9022,10140,11012,11057,120,7153,51195,2353,1717,2707,56994,6337,2222,999,771,9368,5655,3705,27075,4602,11187,6491,51659,64699,3251,10112,51599,10535,3158,10538,10733,29988,573,8645,58495,5265,55540,5603,57834,56521,3717,9060,1960","Down"
"12","HALLMARK_FATTY_ACID_METABOLISM",6.52930270825486e-05,0.000272054279510619,0.538434096309916,-0.512566027190873,-1.75331002270255,158,"3248,51703,760,51170,11343,5092,54884,39,3157,5720,8801,3417,216,3422,50814,1718,3015,873,30,3939,8876,79602,51,1892,5805,3158,4683,1743,10449,2639,9246,2110,218,84263,51109,1632,1666,594,10961,4128,3052,3320,3033,35,10005,5910,6611,549,1376,2169,6389,84532,2820,3155,1891,2026,224,50486,9380,7533,4199,23173,8802,26275,6281","Down"
"13","HALLMARK_G2M_CHECKPOINT",3.54593882332126e-06,2.21621176457579e-05,0.627256739718528,-0.519196226990334,-1.83370345221263,200,"11065,991,1164,1033,51155,983,9055,7153,4085,6713,6790,51203,890,9133,8318,55872,29127,1163,5885,3161,3832,3015,26255,994,10419,9232,6491,22974,332,4171,51659,11004,699,9585,602,9212,7272,9184,10051,3838,1058,6558,10212,993,10733,4001,6427,23649,10460,3014,4088,262,3925,1111,3799,580,7371,3312,9252,10772,22809,7150,26271,81539,3149,4751,10146,10664,24137,5976,3619,10293,10024,3184,1062,9221,2146,8438","Down"
"14","HALLMARK_GLYCOLYSIS",4.91992114724155e-05,0.00022363277942007,0.557332238758646,-0.483462554968717,-1.70864421366752,199,"726,7033,283,638,3669,7264,2582,5214,1999,5834,983,136,10331,30001,8702,3099,23443,229,6790,10020,2673,7295,3417,4907,8870,50814,3161,10380,5223,5318,4233,5230,6662,3939,7039,205,1824,1528,5033,10112,6647,2805,11015,1058,1468,6888,839,54541,64077,10327,2530,7167,5768,3925,55635,29925,9123,51728,9276,5315,9514,3597,140838,5704,26035,1491,2023,2026","Down"
"15","HALLMARK_HEDGEHOG_SIGNALING",0.00228914712968738,0.00572286782421845,0.431707695803346,0.624131894068328,1.82780907317648,36,"1021,7070,23462,4627,3897,1271,23493,7857,8829,8828,5921","Up"
"16","HALLMARK_HEME_METABOLISM",0.0240158922217491,0.0444738744847206,0.352487857583619,-0.391146965839255,-1.38368641169458,198,"1510,760,6513,7037,10158,3005,10098,7504,55030,26020,682,10553,440,7779,10133,54855,129642,23657,8780,3043,55034,56674,8991,23052,25897,6386,6535,51218,8850,51094,6917,10840,115201,8364,54165,847,23351,7351,3145,7150","Down"
"17","HALLMARK_HYPOXIA",0.0436040702886406,0.066066773164607,0.321775918075361,0.336826032904293,1.24393259231262,199,"1289,5054,8406,3486,7045,7043,1466,1027,8614,55076,5317,54800,2817,1634,4015,284119,10370,58528,5165,1490,4502,2548,6383,8459,9590,5066,123,857,5507,6095,665,8839,26118,7360,8660,4627,6781,2113,1837,6275,633,4783,55818,6515,596,3340,2239,4214,3162,3423,2821,126792,2584,8819,8974,57007,26355,5228,112464,3623,3798","Up"
"18","HALLMARK_INFLAMMATORY_RESPONSE",0.0309693770307525,0.0525627034960116,0.352487857583619,-0.381766428738164,-1.34832724493025,200,"3949,1604,4061,2152,5099,3732,8519,136,684,3576,4067,4084,64108,1839,3659,5329,55829,6373,3656,4224,2643,6004,3627,4233,133,8743,8767,166929,6369,2769,196,5817,9034,969,9153,1906,10006,4792,7133,1316,5663,5732,9111,6364,3600,4283,8744,27074,3976,10135,11047,5610,366,7855,5008,7076,5724","Down"
"19","HALLMARK_INTERFERON_ALPHA_RESPONSE",5.75677369342997e-13,1.43919342335749e-11,0.921426003494898,-0.752918403497458,-2.43660383368457,97,"3429,4061,3669,5721,4938,8519,4599,684,55601,10964,5696,9636,94240,5720,8638,64108,6890,54809,3659,7453,5698,6373,3430,3959,23424,3627,3437,83666,64761,85441,8767,55008,10379,51056,7318,55603,5359,6737,9034,9246,115361,5684,11274,4343,79132,135112,2634,567,219285,3574,10561,54625,9111,961,3600,27074,10437,3431,5610,91543,85363,55072,11054","Down"
"20","HALLMARK_INTERFERON_GAMMA_RESPONSE",1.58083403878554e-10,1.58083403878554e-09,0.826657301178302,-0.600039308719559,-2.12064757090251,199,"3429,4061,3620,3669,5214,5721,4860,4939,4599,4940,684,55601,10964,4600,840,4615,5696,9636,94240,5720,8638,64108,6890,3659,7453,5698,6373,5699,3430,3959,196410,3106,23424,3123,2643,81030,3627,3437,64761,85441,8743,8767,9961,629,8673,836,55008,10379,51056,9021,5359,6737,57674,9246,969,115361,27348,6772,3001,23586,84888,5684,11274,54739,3717,57162,79132,3105,4792,3394,7412,256586,8869,567,219285,3574,10561,54625,9111,3600,4283,10437,3455,3431,7127,10135,55024,837,5610,91543,10124","Down"
"21","HALLMARK_KRAS_SIGNALING_UP",0.0217299435243052,0.0417883529313561,0.352487857583619,-0.389832360764205,-1.37681460025484,200,"11199,26499,7851,10103,760,9314,80201,2150,7035,55365,5801,30001,10221,5696,5284,3673,6590,51012,10083,1839,5329,5950,330,27075,55107,6004,3561,3627,79693,685,10205,9053,6662,629,101,3783,2517,5327","Down"
"22","HALLMARK_MITOTIC_SPINDLE",0.0490367775831874,0.0721129082105697,0.271288554688953,-0.361597626565537,-1.27795148963934,199,"10276,2317,7430,983,9787,9055,7153,10435,6790,51203,9133,1894,29127,201176,3832,23607,6711,10565,22974,332,54443,11004,699,9585,7272,10051,58526,7414,4001,81,8476,7277,1453,3799,54509,10006,55785,84333,29901,4296,396,9793,2017,23637,26271,9564,55201,4751,24137,4690,9344,3619,613,134549,1062","Down"
"23","HALLMARK_MTORC1_SIGNALING",5.68118410715299e-07,4.05798864796642e-06,0.659444398037935,-0.531956536293273,-1.8800307248592,199,"3949,6513,5464,7037,79071,4860,120,30001,6713,3099,10682,1717,6790,6319,3157,3156,3417,81873,9368,7453,3422,1718,51382,5685,8553,440,26136,7283,5230,3939,4171,79602,10963,205,3251,699,5033,2805,23657,57761,5641,54541,10212,5693,993,5052,23753,6241,7167,7323,51109,5684,10987,7108,7277,1075,2286,4793,2181,6917,4173,3638,2932,516,7296,8935,6309,10197,6715,6510,3145,5211,5704,54843,1491,4836,4074,10437,2023,5706,2936,10135","Down"
"24","HALLMARK_MYC_TARGETS_V1",0.00137520283431606,0.00361895482714753,0.45505986738723,-0.446879758971149,-1.58084174019603,198,"991,4085,890,8318,7298,6164,5685,3015,1537,9188,6240,6732,5230,3939,4171,26986,3251,9184,6128,3838,23016,5687,6637,2079,220988,1478,5036,26354,6427,9377,10987,6626,11335,51491,10935,7398,7411,23196,22916,4999,1854,1207,7416,1503,6634,6432,5901,55651,4173,6428,1176,5691,3376,5704,10236,10146,5706,4686,3615,5245,6188,5496,6629,3184,1973,9221,6627,6633,6059,6632,5707,2739","Down"
"25","HALLMARK_MYOGENESIS",1.21132693124696e-10,1.51415866405869e-09,0.826657301178302,0.559236720545456,2.06531774728405,199,"4629,6678,6876,1277,1293,1292,3486,1281,26353,165,3479,8614,1410,4851,2273,1674,6525,1284,4638,6840,1346,7169,8082,5621,1675,140465,1306,3693,10580,2548,2180,3490,8912,5507,347,4209,187,4616,3908,4627,10468,1837,115,1152,1266,845,5740,10174,6444,6649,11156,2878,2247,5664,178,1134,6764,7164,11345,29970","Up"
"26","HALLMARK_OXIDATIVE_PHOSPHORYLATION",0.0001295312204521,0.000431770734840332,0.518848077743792,-0.469739278737637,-1.66014367048416,199,"54884,840,4701,3417,2108,51382,2746,481,1537,30,4942,3939,533,4712,1892,1528,4704,1355,1743,5447,10449,5264,1351,788,522,7388,2110,80273,4713,10063,581,27089,9377,292,7381,1632,7386,10935,1666,7384,3052,7416,211,4694,64981,4714,6390,5018,10632,1345,4722,516,2109,10884,4696,4710,6389,65003,10651,1891,56945,4719,1347,8050,8802,23203,4695,506,3419,64963,3028,26519,51606,2230,529,10476,374291,4709,9551,34,6391,1329,539,3418,6832,37,513,4708,4717,51660,6834","Down"
"27","HALLMARK_PEROXISOME",0.00595693953735364,0.013538498948531,0.407017918923954,-0.483898799627454,-1.57688675267827,104,"51703,51170,11001,7153,706,54884,3417,216,8800,3422,1718,5828,9249,8856,30,25824,9961,26986,51,3291,6647,5825,373156,5052,51109,9525,7367,1503,10005,8915,7276,847,51024,5194,3155,60386,1891,3416,7533","Down"
"28","HALLMARK_REACTIVE_OXYGEN_SPECIES_PATHWAY",0.0415430815277844,0.0649110648871632,0.321775918075361,-0.519665663547823,-1.49231851355896,47,"1728,5214,7295,55829,9124,6647,4257,3726,1032,5052,10542,3163,847,140809,7296,4710,4155,2936,22904,9943,475","Down"
"29","HALLMARK_TNFA_SIGNALING_VIA_NFKB",7.96243792573884e-05,0.000306247612528417,0.538434096309916,-0.481777760980007,-1.70154846584575,200,"3949,7262,9314,2152,467,2150,10221,2353,4084,10365,1847,6890,1839,3659,2526,5329,6373,22822,23764,10938,8870,330,11182,2354,2643,8553,8942,25976,3627,4929,79693,8767,8061,9334,9322,4791,1846,23529,602,2114,9021,3726,9034,969,1906,23586,5271,329,4088,1843,1960,4794,127544,55332,5055,4792,6385,6303,1316,3280,3725,9592,6364,8744,3976,79155,10769,50486,7127,10135,650,10950,7538,5606","Down"
"30","HALLMARK_UNFOLDED_PROTEIN_RESPONSE",0.0325888761675272,0.0525627034960116,0.321775918075361,-0.4216363038106,-1.37918874020505,110,"467,30001,7534,25804,1163,440,28972,5832,11015,54541,3014,51013,55466,3799,60559,54512,4848,55651,5393,3484,10525,3376,9114,10113,9570,1974,55802,6897,10897,79094,10130,1973,9221,8815,7494,1054,1051,5611,27230,811,55272,23478,1736,9775","Down"
"31","HALLMARK_UV_RESPONSE_DN",0.00915486295712896,0.0199018759937586,0.380730400722792,0.398360652700845,1.41342843113495,143,"2697,5054,1278,1277,3488,1290,1281,3915,1027,5159,10486,10516,2202,10370,3815,6310,1301,23266,6383,6591,857,861,4255,1902,4781,1601,8613,23116,6256,5797,23469,8455,5376,4853,57178,9112,8829,2535,5728,4092,29970,6541,54468,2908,490,2534,92,5607,4609,10000,9863,273,55109","Up"
"32","HALLMARK_UV_RESPONSE_UP",0.000119023637425892,0.000425084419378185,0.538434096309916,-0.502492487017634,-1.71885194703446,158,"760,885,7263,725,7037,467,4072,2353,4067,3337,6890,3659,5580,10280,3301,2237,2354,682,2643,1212,440,9188,8694,30,3134,1138,10963,2011,6697,836,637,5437,7009,3726,8836,27161,578,6817,6535,80273,3014,262,7277,5471,4128,211,997,4792,1875","Down"
"33","HALLMARK_WNT_BETA_CATENIN_SIGNALING",0.0316048932322464,0.0525627034960116,0.321775918075361,0.481181346476936,1.43373766266217,42,"894,4851,9612,8313,51176,23462,8321,23493,5664,182,1454,2770,4609,23385,1856","Up"
"34","HALLMARK_XENOBIOTIC_METABOLISM",0.00107337240455761,0.00298159001266003,0.45505986738723,-0.443702407785436,-1.5670734774549,200,"29785,1562,2203,3294,760,1728,1573,1969,29950,8644,54884,217,8714,3417,22949,5699,5950,2618,2643,2937,1644,873,8942,115817,51635,10653,8876,629,51,3251,1528,5805,7009,2114,57406,5447,839,2110,218,26061,9060,28959,4128,211,53,435,191,9446,847,51128,10857,3484,5831,3728,3394,978,1725,6510,9564,4836,10717,23169,1891,8529,957,2936","Down"
